Workbook

Sheet Summary
A1: Run date/time: 2026-03-23 15:57:58 | D1: Worksheet Index | E1: Analyzer Version: 5.6.6 Build 20251204
D2: Summary | E2: Command Line Options:
A3: Code Base Details | D3: Job Details | E3: Option | F3: Value
A4: Total Dataflows | B4: =COUNTIFS('Job Details'!E:E,"Dataflow") -> 0 | D4: Transformations | E4: -E
A5: Total Pipelines | B5: =COUNTIFS('Job Details'!E:E,"Pipeline") -> 0 | D5: Jobs Transformations Xref | E5: -F | F5: 10000000000000
A6: Total Nodes | B6: 5 | D6: Jobs Transformations List | E6: -Q | F6: ALL
D7: Subjob Info | E7: -d | F7: /Users/eri.adepoju/Claude/synapse-lakebridge-test/lakebridge_input_adf
D8: Item Node Info | E8: -e | F8: 1
A9: Job Complexity Categorization | D9: Jobs Objects Xref | E9: -j | F9: /Users/eri.adepoju/Claude/synapse-lakebridge-test/adf-analyzer-results.json
A10: LOW | B10: =COUNTIFS('Job Details'!F:F,"LOW",'Job Details'!D:D,"YES") -> 0 | D10: Jobs Objects List | E10: -r | F10: /Users/eri.adepoju/Claude/synapse-lakebridge-test/adf-analyzer-results.xlsx
A11: MEDIUM | B11: =COUNTIFS('Job Details'!F:F,"MEDIUM",'Job Details'!D:D,"YES") -> 0 | D11: Functions | E11: -t | F11: ADF
A12: HIGH | B12: =COUNTIFS('Job Details'!F:F,"HIGH",'Job Details'!D:D,"YES") -> 0 | D12: Functions by Job | E12: Analyzer run duration:
A13: VERY_HIGH | B13: =COUNTIFS('Job Details'!F:F,"VERY_HIGH",'Job Details'!D:D,"YES") -> 0 | D13: Subject Areas | E13: 0h, 0m, 0s
D14: Combined Checksums
D15: Transformation Expressions
D16: Misc Job Attributes
D17: Embedded SQL Summary
D18: Embedded SQL Programs
D19: Embedded SQL Script Categories
D20: Embedded SQL UNKNOWN Category

Sheet Job Details
A1: Job Name | B1: Folder | C1: Source File | D1: Included | E1: Job Type | F1: Categorization | G1: Number of Nodes | H1: Categorization Metrics | I1: Legacy Checksum | J1: Checksum Extended | K1: LineStart | L1: LineEnd
A2: copy_activity | B2: /Users/eri.adepoju/Claude/synapse-lakebridge-test/lakebridge_input_adf | C2: /Users/eri.adepoju/Claude/synapse-lakebridge-test/lakebridge_input_adf/copy_activity.json | D2: YES | E2: Pipeline | F2: LOW | G2: 1 | H2: Node count: 1, count: 0, Target count: 0, Joiner count: 0, Aggregator count: 0, Lookup count: 0, count: 0, Expressions with 5 or more function calls: 0, Medium category breaks: 0, High category breaks: 0 | I2: 5CC41DE79B793C90E4D72F48939FCF74 | J2: 7fd22b023fb9c4fc318a343a4d0f85df5f163b3f7258f39bbe8051b8aa781cf51774c30a7915130180bab3f2fc8068c1a7bf90f3d86a967f1ed36fe8db4192e2f0e9b948a63178ea
A3: data_flow | B3: /Users/eri.adepoju/Claude/synapse-lakebridge-test/lakebridge_input_adf | C3: /Users/eri.adepoju/Claude/synapse-lakebridge-test/lakebridge_input_adf/data_flow.json | D3: YES | E3: DataFlow | F3: LOW | G3: 3 | H3: Node count: 3, count: 0, Target count: 0, Joiner count: 0, Aggregator count: 0, Lookup count: 0, count: 0, Expressions with 5 or more function calls: 0, Medium category breaks: 0, High category breaks: 0 | I3: BD301B66CB18AC8C239B963430667041 | J3: 7b14cf64eaaedff2f27ed3fbfaa5a5bf8ebf812fbb72b8f1b98105424af19f431774c30a7915130180bab3f2fc8068c1a7bf90f3d86a967fdacf1913748423d15a25a6ec9a6dc07f
A4: data_flow_pipeline | B4: /Users/eri.adepoju/Claude/synapse-lakebridge-test/lakebridge_input_adf | C4: /Users/eri.adepoju/Claude/synapse-lakebridge-test/lakebridge_input_adf/data_flow_pipeline.json | D4: YES | E4: Pipeline | F4: LOW | G4: 1 | H4: Node count: 1, count: 0, Target count: 0, Joiner count: 0, Aggregator count: 0, Lookup count: 0, count: 0, Expressions with 5 or more function calls: 0, Medium category breaks: 0, High category breaks: 0 | I4: E8C5BA48C83678E4C6783E8D5AF9A330 | J4: e64419c86805b6c60fce8e4ab04bfbf106124c1e1b1397bc678e1ade8071816d1774c30a7915130180bab3f2fc8068c1a7bf90f3d86a967fdacf1913748423d1dda1e83adfffa8c7bfc6a05336b280c3
A5: ds_adls_lineitem_parquet | B5: /Users/eri.adepoju/Claude/synapse-lakebridge-test/lakebridge_input_adf | C5: /Users/eri.adepoju/Claude/synapse-lakebridge-test/lakebridge_input_adf/ds_adls_lineitem_parquet.json | D5: YES | E5: Pipeline | F5: LOW | H5: Node count: , count: 0, Target count: 0, Joiner count: 0, Aggregator count: 0, Lookup count: 0, count: 0, Expressions with 5 or more function calls: 0, Medium category breaks: 0, High category breaks: 0 | I5: 84EF6887E3078C53BFA561279329FDD5 | J5: f90da7acdd39a8f68bde85de3637f7060ee23359f014deb09fe79175a06b562d1774c30a7915130180bab3f2fc8068c1a7bf90f3d86a967fccd278e560f8523c70444f30355450adeff4c03e0220c7231798fa4fe4adac52
A6: ds_sqldw_customer | B6: /Users/eri.adepoju/Claude/synapse-lakebridge-test/lakebridge_input_adf | C6: /Users/eri.adepoju/Claude/synapse-lakebridge-test/lakebridge_input_adf/ds_sqldw_customer.json | D6: YES | E6: Pipeline | F6: LOW | H6: Node count: , count: 0, Target count: 0, Joiner count: 0, Aggregator count: 0, Lookup count: 0, count: 0, Expressions with 5 or more function calls: 0, Medium category breaks: 0, High category breaks: 0 | I6: 7812574C35B63551F51C7457663076A5 | J6: ed19ffedf63bb4c5efbb8ee7649742b2363e9e54e7ff6e58e304e9920185bc971774c30a7915130180bab3f2fc8068c1a7bf90f3d86a967f35178d1efe9c88fd39a6f26ea1146b21ab28a7ec9df6bddb
A7: ds_sqldw_lineitem_staging | B7: /Users/eri.adepoju/Claude/synapse-lakebridge-test/lakebridge_input_adf | C7: /Users/eri.adepoju/Claude/synapse-lakebridge-test/lakebridge_input_adf/ds_sqldw_lineitem_staging.json | D7: YES | E7: Pipeline | F7: LOW | H7: Node count: , count: 0, Target count: 0, Joiner count: 0, Aggregator count: 0, Lookup count: 0, count: 0, Expressions with 5 or more function calls: 0, Medium category breaks: 0, High category breaks: 0 | I7: 7508A22329BCA0E94B2FE2D5B091750C | J7: 8dabf36072babacfb0e9a79464083b72e3165c6a6bb7620abcbf45b0fde2d3d31774c30a7915130180bab3f2fc8068c1a7bf90f3d86a967f35178d1efe9c88fd8aa6d2cbf17511d7d001ab9745c7396cb7639745e3a5ded0
A8: ds_sqldw_orders | B8: /Users/eri.adepoju/Claude/synapse-lakebridge-test/lakebridge_input_adf | C8: /Users/eri.adepoju/Claude/synapse-lakebridge-test/lakebridge_input_adf/ds_sqldw_orders.json | D8: YES | E8: Pipeline | F8: LOW | H8: Node count: , count: 0, Target count: 0, Joiner count: 0, Aggregator count: 0, Lookup count: 0, count: 0, Expressions with 5 or more function calls: 0, Medium category breaks: 0, High category breaks: 0 | I8: 43293DC1DF9725D3024B08B9BCA21347 | J8: 490b83b71bb9b35a8b417dae71fc7a4d971300bb7b078d7f658e0fed4bd261261774c30a7915130180bab3f2fc8068c1a7bf90f3d86a967f35178d1efe9c88fd6537c1d5a559cd801b9564e0fedc9907
A9: ds_sqldw_revenue_by_segment | B9: /Users/eri.adepoju/Claude/synapse-lakebridge-test/lakebridge_input_adf | C9: /Users/eri.adepoju/Claude/synapse-lakebridge-test/lakebridge_input_adf/ds_sqldw_revenue_by_segment.json | D9: YES | E9: Pipeline | F9: LOW | H9: Node count: , count: 0, Target count: 0, Joiner count: 0, Aggregator count: 0, Lookup count: 0, count: 0, Expressions with 5 or more function calls: 0, Medium category breaks: 0, High category breaks: 0 | I9: 3C53E60403A811D3E06F6BC7802F21C6 | J9: 94f1faefa666796c5be78a3213226cb729a726b48cbb43d5f58d33b2e82f32001774c30a7915130180bab3f2fc8068c1a7bf90f3d86a967f35178d1efe9c88fda5a9e614b3cbf77cc4ee144563eff32ae339bd56b961cdcd
A10: ls_adls | B10: /Users/eri.adepoju/Claude/synapse-lakebridge-test/lakebridge_input_adf | C10: /Users/eri.adepoju/Claude/synapse-lakebridge-test/lakebridge_input_adf/ls_adls.json | D10: YES | E10: Pipeline | F10: LOW | H10: Node count: , count: 0, Target count: 0, Joiner count: 0, Aggregator count: 0, Lookup count: 0, count: 0, Expressions with 5 or more function calls: 0, Medium category breaks: 0, High category breaks: 0 | I10: E99AD4A3F875F58E1B8FBC9BE824A882 | J10: 0da71a7fe863d63a3d81172064ba19b0219fd81c04123b92589de8dbd5ed41451774c30a7915130180bab3f2fc8068c1a7bf90f3d86a967faccfd028beb9f8811b9564e0fedc9907
A11: ls_dedicated_pool | B11: /Users/eri.adepoju/Claude/synapse-lakebridge-test/lakebridge_input_adf | C11: /Users/eri.adepoju/Claude/synapse-lakebridge-test/lakebridge_input_adf/ls_dedicated_pool.json | D11: YES | E11: Pipeline | F11: LOW | H11: Node count: , count: 0, Target count: 0, Joiner count: 0, Aggregator count: 0, Lookup count: 0, count: 0, Expressions with 5 or more function calls: 0, Medium category breaks: 0, High category breaks: 0 | I11: 26B9B100C4D6D643AAE7F8261F63D3BE | J11: b389c200b1dde8b4748d1f7edc710452c4e2761a015afac1a20c325af57563461774c30a7915130180bab3f2fc8068c1a7bf90f3d86a967f656d1d5fe02727f440dab18c5451c303a83cb43af0f310b1

Sheet Transformations
A1: Transformation Type | B1: # of Occurrences | C1: Occurs in # of Jobs | D1: Supported? | E1: Mapped Type | F1: Component Level
A2: ExecuteDataFlow | B2: =SUMIFS(INDIRECT("'Jobs Transformations Xref'!"&K2&":"&K2),'Jobs Transformations Xref'!B:B,"YES") -> 0 | C2: =COUNTIFS(INDIRECT("'Jobs Transformations Xref'!"&K2&":"&K2),">=1",'Jobs Transformations Xref'!B:B,"YES") -> 0 | D2: Yes | E2: ExecuteDataFlow | F2: Orchestration | J2: =MATCH(A2,'Jobs Transformations Xref'!$1:$1,0) -> 0 | K2: =SUBSTITUTE( ADDRESS(1,J2,4),"1","") -> 0 | M2: 1 | N2: 1
A3: join | B3: =SUMIFS(INDIRECT("'Jobs Transformations Xref'!"&K3&":"&K3),'Jobs Transformations Xref'!B:B,"YES") -> 0 | C3: =COUNTIFS(INDIRECT("'Jobs Transformations Xref'!"&K3&":"&K3),">=1",'Jobs Transformations Xref'!B:B,"YES") -> 0 | D3: Yes | E3: JOINER | F3: Transformation | J3: =MATCH(A3,'Jobs Transformations Xref'!$1:$1,0) -> 0 | K3: =SUBSTITUTE( ADDRESS(1,J3,4),"1","") -> 0 | M3: 1 | N3: 1
A4: aggregate | B4: =SUMIFS(INDIRECT("'Jobs Transformations Xref'!"&K4&":"&K4),'Jobs Transformations Xref'!B:B,"YES") -> 0 | C4: =COUNTIFS(INDIRECT("'Jobs Transformations Xref'!"&K4&":"&K4),">=1",'Jobs Transformations Xref'!B:B,"YES") -> 0 | D4: Yes | E4: AGGREGATOR | F4: Transformation | J4: =MATCH(A4,'Jobs Transformations Xref'!$1:$1,0) -> 0 | K4: =SUBSTITUTE( ADDRESS(1,J4,4),"1","") -> 0 | M4: 1 | N4: 1
A5: Copy | B5: =SUMIFS(INDIRECT("'Jobs Transformations Xref'!"&K5&":"&K5),'Jobs Transformations Xref'!B:B,"YES") -> 0 | C5: =COUNTIFS(INDIRECT("'Jobs Transformations Xref'!"&K5&":"&K5),">=1",'Jobs Transformations Xref'!B:B,"YES") -> 0 | D5: No | E5: Copy | F5: Orchestration | J5: =MATCH(A5,'Jobs Transformations Xref'!$1:$1,0) -> 0 | K5: =SUBSTITUTE( ADDRESS(1,J5,4),"1","") -> 0 | M5: 1 | N5: 1
A6: derive | B6: =SUMIFS(INDIRECT("'Jobs Transformations Xref'!"&K6&":"&K6),'Jobs Transformations Xref'!B:B,"YES") -> 0 | C6: =COUNTIFS(INDIRECT("'Jobs Transformations Xref'!"&K6&":"&K6),">=1",'Jobs Transformations Xref'!B:B,"YES") -> 0 | D6: Yes | E6: EXPRESSION | F6: Transformation | J6: =MATCH(A6,'Jobs Transformations Xref'!$1:$1,0) -> 0 | K6: =SUBSTITUTE( ADDRESS(1,J6,4),"1","") -> 0 | M6: 1 | N6: 1

Sheet Jobs Transformations Xref
B1: Included | C1: Job Type | D1: Categorization | E1: Number of Nodes | F1: Priority | G1: Copy | H1: ExecuteDataFlow | I1: aggregate | J1: derive | K1: join
A2: copy_activity | B2: ='Job Details'!D2 -> 0 | C2: ='Job Details'!E2 -> 0 | D2: ='Job Details'!F2 -> 0 | E2: ='Job Details'!G2 -> 0 | G2: 1
A3: data_flow | B3: ='Job Details'!D3 -> 0 | C3: ='Job Details'!E3 -> 0 | D3: ='Job Details'!F3 -> 0 | E3: ='Job Details'!G3 -> 0 | I3: 1 | J3: 1 | K3: 1
A4: data_flow_pipeline | B4: ='Job Details'!D4 -> 0 | C4: ='Job Details'!E4 -> 0 | D4: ='Job Details'!F4 -> 0 | E4: ='Job Details'!G4 -> 0 | H4: 1
A5: ds_adls_lineitem_parquet | B5: ='Job Details'!D5 -> 0 | C5: ='Job Details'!E5 -> 0 | D5: ='Job Details'!F5 -> 0 | E5: ='Job Details'!G5 -> 0
A6: ds_sqldw_customer | B6: ='Job Details'!D6 -> 0 | C6: ='Job Details'!E6 -> 0 | D6: ='Job Details'!F6 -> 0 | E6: ='Job Details'!G6 -> 0
A7: ds_sqldw_lineitem_staging | B7: ='Job Details'!D7 -> 0 | C7: ='Job Details'!E7 -> 0 | D7: ='Job Details'!F7 -> 0 | E7: ='Job Details'!G7 -> 0
A8: ds_sqldw_orders | B8: ='Job Details'!D8 -> 0 | C8: ='Job Details'!E8 -> 0 | D8: ='Job Details'!F8 -> 0 | E8: ='Job Details'!G8 -> 0
A9: ds_sqldw_revenue_by_segment | B9: ='Job Details'!D9 -> 0 | C9: ='Job Details'!E9 -> 0 | D9: ='Job Details'!F9 -> 0 | E9: ='Job Details'!G9 -> 0
A10: ls_adls | B10: ='Job Details'!D10 -> 0 | C10: ='Job Details'!E10 -> 0 | D10: ='Job Details'!F10 -> 0 | E10: ='Job Details'!G10 -> 0
A11: ls_dedicated_pool | B11: ='Job Details'!D11 -> 0 | C11: ='Job Details'!E11 -> 0 | D11: ='Job Details'!F11 -> 0 | E11: ='Job Details'!G11 -> 0

Sheet Jobs Transformations List
A1: Job | B1: Transformation | C1: Count
A2: copy_activity | B2: Copy | C2: 1
A3: data_flow_pipeline | B3: ExecuteDataFlow | C3: 1
A4: data_flow | B4: aggregate | C4: 1
A5: data_flow | B5: derive | C5: 1
A6: data_flow | B6: join | C6: 1

Sheet Subjob Info
A1: Parent Item | B1: Child Item | C1: Parent Type | D1: Child Type | E1: Count

Sheet Item Node Info
A1: Item | B1: Node Name | C1: Orig Node Type | D1: Conformed Node Type | E1: Node Order | F1: Subjob Ref | G1: Subjob Lineage
A2: copy_activity | B2: CopyLineitemFromADLS | D2: Copy
A3: data_flow | B3: CustomerSource | C3: SOURCE | D3: SOURCE
A4: data_flow | B4: DerivedColumns | C4: derive | D4: EXPRESSION
A5: data_flow | B5: RevenueSink | C5: sink | D5: TARGET
A6: data_flow | B6: AggregateBySegment | C6: aggregate | D6: AGGREGATOR
A7: data_flow | B7: OrdersSource | C7: SOURCE | D7: SOURCE
A8: data_flow | B8: JoinOrdersCustomer | C8: join | D8: JOINER
A9: data_flow_pipeline | B9: RunRevenueDataFlow | D9: ExecuteDataFlow

Sheet Jobs Objects Xref
B1: RevenueSink | C1: source
A2: copy_activity
A3: data_flow | B3: tgt | C3: src
A4: data_flow_pipeline
A5: ds_adls_lineitem_parquet
A6: ds_sqldw_customer
A7: ds_sqldw_lineitem_staging
A8: ds_sqldw_orders
A9: ds_sqldw_revenue_by_segment
A10: ls_adls
A11: ls_dedicated_pool

Sheet Jobs Objects List
A1: Job | B1: Object Instance | C1: Source/Target Indicator | D1: Connection | E1: Object Name
A2: data_flow | B2: RevenueSink | C2: Target
A3: data_flow | B3: source | C3: Source

Sheet Functions
A1: Function | B1: # of Calls
A2: TOSTRING | B2: 4
A3: MONTH | B3: 3
A4: YEAR | B4: 2
A5: CONCAT | B5: 2
A6: IIF | B6: 1
A7: TOFLOAT | B7: 1
A8: UPPER | B8: 1

Sheet Functions by Job
A1: Job | B1: Function | C1: # of Calls
A2: data_flow | B2: TOSTRING | C2: 4
A3: data_flow | B3: MONTH | C3: 3
A4: data_flow | B4: YEAR | C4: 2
A5: data_flow | B5: CONCAT | C5: 2
A6: data_flow | B6: UPPER | C6: 1
A7: data_flow | B7: IIF | C7: 1
A8: data_flow | B8: TOFLOAT | C8: 1

Sheet Subject Areas
A1: Subject Area Name | B1: Subject Area Code | C1: Description
A2: /Users/eri.adepoju/Claude/synapse-lakebridge-test/lakebridge_input_adf | B2: /Users/eri.adepoju/Claude/synapse-lakebridge-test/lakebridge_input_adf | C2: ds_sqldw_lineitem_staging

Sheet Combined Checksums
A1: ETL Job Name | B1: Level | C1: Extended Checksum
A2: copy_activity | B2: ETL | C2: 7fd22b023fb9c4fc318a343a4d0f85df5f163b3f7258f39bbe8051b8aa781cf51774c30a7915130180bab3f2fc8068c1a7bf90f3d86a967f1ed36fe8db4192e2f0e9b948a63178ea
A3: data_flow | B3: ETL | C3: 7b14cf64eaaedff2f27ed3fbfaa5a5bf8ebf812fbb72b8f1b98105424af19f431774c30a7915130180bab3f2fc8068c1a7bf90f3d86a967fdacf1913748423d15a25a6ec9a6dc07f
A4: data_flow_pipeline | B4: ETL | C4: e64419c86805b6c60fce8e4ab04bfbf106124c1e1b1397bc678e1ade8071816d1774c30a7915130180bab3f2fc8068c1a7bf90f3d86a967fdacf1913748423d1dda1e83adfffa8c7bfc6a05336b280c3
A5: ds_adls_lineitem_parquet | B5: ETL | C5: f90da7acdd39a8f68bde85de3637f7060ee23359f014deb09fe79175a06b562d1774c30a7915130180bab3f2fc8068c1a7bf90f3d86a967fccd278e560f8523c70444f30355450adeff4c03e0220c7231798fa4fe4adac52
A6: ds_sqldw_customer | B6: ETL | C6: ed19ffedf63bb4c5efbb8ee7649742b2363e9e54e7ff6e58e304e9920185bc971774c30a7915130180bab3f2fc8068c1a7bf90f3d86a967f35178d1efe9c88fd39a6f26ea1146b21ab28a7ec9df6bddb
A7: ds_sqldw_lineitem_staging | B7: ETL | C7: 8dabf36072babacfb0e9a79464083b72e3165c6a6bb7620abcbf45b0fde2d3d31774c30a7915130180bab3f2fc8068c1a7bf90f3d86a967f35178d1efe9c88fd8aa6d2cbf17511d7d001ab9745c7396cb7639745e3a5ded0
A8: ds_sqldw_orders | B8: ETL | C8: 490b83b71bb9b35a8b417dae71fc7a4d971300bb7b078d7f658e0fed4bd261261774c30a7915130180bab3f2fc8068c1a7bf90f3d86a967f35178d1efe9c88fd6537c1d5a559cd801b9564e0fedc9907
A9: ds_sqldw_revenue_by_segment | B9: ETL | C9: 94f1faefa666796c5be78a3213226cb729a726b48cbb43d5f58d33b2e82f32001774c30a7915130180bab3f2fc8068c1a7bf90f3d86a967f35178d1efe9c88fda5a9e614b3cbf77cc4ee144563eff32ae339bd56b961cdcd
A10: ls_adls | B10: ETL | C10: 0da71a7fe863d63a3d81172064ba19b0219fd81c04123b92589de8dbd5ed41451774c30a7915130180bab3f2fc8068c1a7bf90f3d86a967faccfd028beb9f8811b9564e0fedc9907
A11: ls_dedicated_pool | B11: ETL | C11: b389c200b1dde8b4748d1f7edc710452c4e2761a015afac1a20c325af57563461774c30a7915130180bab3f2fc8068c1a7bf90f3d86a967f656d1d5fe02727f440dab18c5451c303a83cb43af0f310b1

Sheet Transformation Expressions
A1: Job | B1: Transformation | C1: Field | D1: Expression
A2: data_flow | B2: DerivedColumns | C2: fiscal_quarter | D2: iif(month(o_orderdate) >= 2, concat('FY', toString(year(o_orderdate) % 100), 'Q', toString(((month(o_orderdate) + 10) % 12) / 3 + 1)), concat('FY', toString((year(o_orderdate) - 1) % 100), 'Q', toString(((month(o_orderdate) + 10) % 12) / 3 + 1)))
A3: data_flow | B3: DerivedColumns | C3: segment_upper | D3: upper(c_mktsegment)
A4: data_flow | B4: DerivedColumns | C4: total_price_float | D4: toFloat(o_totalprice)

Sheet Misc Job Attributes
A1: Job Name | B1: Node | C1: Attribute | D1: Value

Sheet Embedded SQL Summary
A1: Run date/time: 2026-03-23 15:57:58 | D1: Worksheet Index | E1: Analyzer Version: 5.6.6 Build 20251204
D2: Summary | E2: Command Line Options:
A3: Code Base Details | D3: Job Details | E3: Option | F3: Value
A4: Total SQL Scripts | B4: 0 | D4: Transformations | E4: -E
A5: Total FILE Scripts | B5: 0 | D5: Jobs Transformations Xref | E5: -F | F5: 10000000000000
A6: Total DDLs | B6: 0 | D6: Jobs Transformations List | E6: -Q | F6: ALL
A7: Total CTAS Scripts | B7: 0 | D7: Subjob Info | E7: -d | F7: /Users/eri.adepoju/Claude/synapse-lakebridge-test/lakebridge_input_adf
A8: Total Tables (in scripts) | B8: 0 | D8: Item Node Info | E8: -e | F8: 1
A9: Total Views | B9: 0 | D9: Jobs Objects Xref | E9: -j | F9: /Users/eri.adepoju/Claude/synapse-lakebridge-test/adf-analyzer-results.json
A10: Total Materialized Views | B10: 0 | D10: Jobs Objects List | E10: -r | F10: /Users/eri.adepoju/Claude/synapse-lakebridge-test/adf-analyzer-results.xlsx
A11: Total Indicies | B11: 0 | D11: Functions | E11: -t | F11: ADF
A12: Total Packages | B12: 0 | D12: Functions by Job | E12: Analyzer run duration:
A13: Total Procedures | B13: 0 | D13: Subject Areas | E13: 0h, 0m, 10s
A14: Total Functions | B14: 0 | D14: Combined Checksums
A15: Total Triggers | B15: 0 | D15: Transformation Expressions
A16: Total Dynamic SQL Calls | B16: 0 | D16: Misc Job Attributes
A17: Total Loops & Cursors | B17: 0 | D17: Embedded SQL Summary
A18: Total Conditionals | B18: 0 | D18: Embedded SQL Programs
A19: Total MLOAD Scripts | B19: 0 | D19: Embedded SQL Script Categories
A20: Total FLOAD Scripts | B20: 0 | D20: Embedded SQL UNKNOWN Category
A21: Total Lines of Code | B21: 0
A22: Total Duplicated SQL Items | B22: 0
A24: SQL | C24: ETL
A25: Job Complexity Categorization | C25: Procedure or Function
A26: LOW | B26: =COUNTIFS('Embedded SQL Programs'!E:E,"LOW",'Embedded SQL Programs'!C:C,"YES",'Embedded SQL Programs'!L:L,"SQL") -> 0 | C26: =SUMIFS('Embedded SQL Programs'!G:G,'Embedded SQL Programs'!E:E,"LOW",'Embedded SQL Programs'!C:C,"YES",'Embedded SQL Programs'!L:L,"ETL") -> 0
A27: MEDIUM | B27: =COUNTIFS('Embedded SQL Programs'!E:E,"MEDIUM",'Embedded SQL Programs'!C:C,"YES",'Embedded SQL Programs'!L:L,"SQL") -> 0 | C27: =SUMIFS('Embedded SQL Programs'!G:G,'Embedded SQL Programs'!E:E,"MEDIUM",'Embedded SQL Programs'!C:C,"YES",'Embedded SQL Programs'!L:L,"ETL") -> 0
A28: HIGH | B28: =COUNTIFS('Embedded SQL Programs'!E:E,"HIGH",'Embedded SQL Programs'!C:C,"YES",'Embedded SQL Programs'!L:L,"SQL") -> 0 | C28: =SUMIFS('Embedded SQL Programs'!G:G,'Embedded SQL Programs'!E:E,"HIGH",'Embedded SQL Programs'!C:C,"YES",'Embedded SQL Programs'!L:L,"ETL") -> 0
A29: VERY_HIGH | B29: =COUNTIFS('Embedded SQL Programs'!E:E,"VERY_HIGH",'Embedded SQL Programs'!C:C,"YES",'Embedded SQL Programs'!L:L,"SQL") -> 0 | C29: =SUMIFS('Embedded SQL Programs'!G:G,'Embedded SQL Programs'!E:E,"VERY_HIGH",'Embedded SQL Programs'!C:C,"YES",'Embedded SQL Programs'!L:L,"ETL") -> 0

Sheet Embedded SQL Programs
A1: Program Name | B1: Source File | C1: Included | D1: Line Count | E1: Complexity | F1: Statement Count | G1: Procedure And Function Counts | H1: Script Category | I1: Categorization Metrics | J1: Legacy Checksum | K1: Checksum Extended | L1: Script Type

Sheet Embedded SQL Script Categories
A1: SQL Script Categories | B1: # of Occurrences

Sheet Embedded SQL UNKNOWN Category
A1: SQL unknown category scripts | B1: # of Occurrences
